Number,Question,Answer,Topic
1,Data type,"Each variable has a data type. The data type determines what type of value the variable will hold, and the set of operations allowed.",4.1 Fundamentals of programming
2,Integer,A whole number.,4.1 Fundamentals of programming
3,Real/Float,Numbers that can include fractions/values after the decimal point.,4.1 Fundamentals of programming
4,Boolean,A data type that can represent the two values True and False.,4.1 Fundamentals of programming
5,Character,Stores a single character in a fixed-length format related to a specific character set (for example ASCII).,4.1 Fundamentals of programming
6,String,A string is a sequence of characters.,4.1 Fundamentals of programming
7,Date/Time,"A date and time data type stores values such as a calendar date and time of day. Typically, a data type that is available in databases.",4.1 Fundamentals of programming
8,Pointer/Reference,"A pointer is an object (variable) that stores a memory address. By following a pointer, we can access the value stored at that location - this is known as dereferencing.",4.1 Fundamentals of programming
9,Records,A record is a composite data structure and allows for a collection of fields to be grouped together.,4.1 Fundamentals of programming
10,Arrays (lists),"An array is a collection of elements, each accessed using an index (and all elements must be of the same data type). Note: a list is typically dynamic and can have its size changed during runtime but an array is usually static and has a defined size. Note: in Python, lists may contain elements of multiple data types.",4.1 Fundamentals of programming
11,User-defined data type,"A custom data type created by the user combining existing data types. An example might be an enumeration: C# enum Level{ GCSE, AS, A} Level myQual = Level.AS; VB Enum Level GCSE AS A End Enum Dim myQual as Level = Level.AS Python class Level(Enum): GCSE = 1 AS = 2 A = 3 myQual = Level.AS Java Public enum Level { GCSE, AS, A }",4.1 Fundamentals of programming
12,Variable,An identifier that represents a memory location that can store a value. This value can change during execution of a program.,4.1 Fundamentals of programming
13,Variable declaration (examples),C# int Age = 12; VB Dim Age As Integer = 12 Python Age = 12 Java int Age = 12;,4.1 Fundamentals of programming
14,Constant,"An identifier that represents a memory location that can store a value. This value cannot change during execution of a program. Note: Python does not have constants, but convention is that an identifier in capitals should indicate the concept of a constant.",4.1 Fundamentals of programming
15,Constant declaration (examples),C# const int Months = 12; VB Const Months As Integer = 12 Python MONTHS = 12 Java final int MONTHS = 12;,4.1 Fundamentals of programming
16,Assignment,An assignment statement sets the value of a variable/constant.,4.1 Fundamentals of programming
17,Iteration,Iteration is the repetition of a block of code.,4.1 Fundamentals of programming
18,Definite iteration,Definite iteration is the repetition of a block of code for a set number of times. An example structure is a FOR loop.,4.1 Fundamentals of programming
19,Indefinite iteration,Indefinite iteration is the repetition of a block of code being controlled by a condition. The number of iterations to be performed is not known when entering the block of code. Example structures are WHILE and DO LOOP UNTIL.,4.1 Fundamentals of programming
20,Selection,A selection statement allows blocks of code to be executed only when a certain condition is satisfied. Examples of selection statements include: IF THEN ELSE SWITCH/CASE/MATCH,4.1 Fundamentals of programming
21,Nested (selection/iteration),When an iteration statement appears inside another iteration statement it is considered nested. When a selection statement appears inside another selection statement it is considered nested.,4.1 Fundamentals of programming
22,Meaningful identifier names,Meaningful identifier names make code easier to understand and maintain as the name describes the purpose of the variable or subroutine. Integer division The process of dividing two integers and gaining a result which is also an integer. Example: 10 // 3 = 3,4.1 Fundamentals of programming
23,Integer remainders,"While integer division discards the remainder, this can still be a useful value. The remainder can be obtained by using the modulo operator. Example: 10 % 3 = 1",4.1 Fundamentals of programming
24,Exponentiation,"Exponentiation refers to the repeated multiplication of a base number by a certain amount of times (the power). Examples: C# Math.Pow(b, n); VB Math.Pow(b, n) Python b ** n Java Math.pow(b, n);",4.1 Fundamentals of programming
25,Rounding,Rounding refers to replacing a number with an approximate simpler value. This is often a whole number but could be a number with a fixed number of decimal places. Examples: C# Math.Round(2.5); VB Math.Round(2.5) Python round(2.5) Java Math.round(2.5);,4.1 Fundamentals of programming
26,Truncation,"Truncation refers to shortening something. It usually refers to removing digits from a number. Examples: C# Math.Truncate(2.5); VB Math.Truncate(2.5) Python math.trunc(2.5) Note: there is no specific truncate method in Java, but truncation can be done using a combination of other methods, such as floor() and ceil().",4.1 Fundamentals of programming
27,Random number generation,The use of algorithms to produce sequences of numbers that appear unpredictable.,4.1 Fundamentals of programming
28,Exception handling,"Exception handling is a programming mechanism that allows a response to errors or events that would have caused the program to crash. An example of an exception could be when attempting to convert a string to an integer and by utilising exception handling, the program could either gracefully stop or ask the user to enter the value again.",4.1 Fundamentals of programming
29,Exception handling in Python,"#...program code... try: age = int(input(""Enter your age:"")) except: print(""Invalid value....halting"") exit() #...rest of program...",4.1 Fundamentals of programming
30,Subroutine (procedure/function),A named �out of line� block of code that may be executed (called) by simply writing its name in a program statement. It can be reused multiple times within a program.,4.1 Fundamentals of programming
31,Parameter (of subroutine),Parameters define the data to be passed to a subroutine.,4.1 Fundamentals of programming
32,Subroutines with interfaces,A subroutine interface is the method of passing data in and out of a subroutine. Local variable Local variables: are declared within a subroutine exist only while a subroutine is executing are accessible only from within the subroutine.,4.1 Fundamentals of programming
33,Global variable,"A variable with global scope, meaning it can be accessed from anywhere within the program. Stack frame A stack frame is a portion of the stack memory used with subroutine calls to store: return address parameters local variables. A stack frame allows us to move to a subroutine call and then return to where we were called from and carry on.",4.1 Fundamentals of programming
34,Recursion,A recursive subroutine is one that has a call to itself as part of its execution.,4.1 Fundamentals of programming
35,Base case,A base case is a value that will not cause a recursive call and therefore allow the recursion to complete (and backtrack).,4.1 Fundamentals of programming
36,Programming paradigm,A programming paradigm is a particular approach to writing programs.,4.1 Fundamentals of programming
37,Procedural,A programming approach that is based on the use of procedures and functions.,4.1 Fundamentals of programming
38,Structured approach to program design,The structured approach to program design involves breaking down problems into sub-problems. Code is then organised into subroutines.,4.1 Fundamentals of programming
39,Hierarchy chart,"A hierarchy chart is a diagram that represents the structure of a program. Each subroutine is shown as a rectangle, and the hierarchy shows how subroutines are called from others.",4.1 Fundamentals of programming
40,Object-oriented,The object-oriented paradigm makes use of objects as containers of both properties (data) and methods.,4.1 Fundamentals of programming
41,Class,A class defines methods and property/attribute fields that capture the common behaviours and characteristics of objects.,4.1 Fundamentals of programming
42,Object,"Objects based on a class are created using a constructor, implicit or explicit, and a reference to the object assigned to a reference variable of the class type.",4.1 Fundamentals of programming
43,Instantiation,Creating an instance of a class (creating an object from a class).,4.1 Fundamentals of programming
44,Encapsulation,"Combining of properties (data) and methods (procedures/functions) together into a class, where the way in which the data is stored, and the methods are carried out is hidden from other classes.",4.1 Fundamentals of programming
45,Inheritance,The relationship between two object types in which one is a kind of the other and shares some of its properties or behaviours.,4.1 Fundamentals of programming
46,Association,An association is a relationship between two classes. There are different types of association: composition and aggregation.,4.1 Fundamentals of programming
47,Aggregation,A type of association where the aggregated object has a weaker form of association with the objects that it is aggregating than is the case with composition. These objects have an existence independent of the aggregated object and can continue to exist even after the aggregated object is disposed of.,4.1 Fundamentals of programming
48,Composition,"A type of association where the relationship is stronger. If the containing object is destroyed, the associated object is also destroyed.",4.1 Fundamentals of programming
49,Polymorphism,Polymorphism is the concept that different objects can respond to the same method call in different ways based on their class.,4.1 Fundamentals of programming
50,Overriding,An overridden method has the same name as a method from an inherited class but a different implementation.,4.1 Fundamentals of programming
51,Encapsulate what varies,"The separation of code that might need to be constantly changed. Areas of code that might need to be changed can be encapsulated behind an interface. Then, when any changes are needed, software written to use the interface does not need to be changed.",4.1 Fundamentals of programming
52,Favour composition over inheritance,"The principle that programmers should look to use composition over inheritance when looking at concepts such as polymorphism. Program to interfaces, not implementation The principle that programmers should look to communicate between parts of a program by using an interface rather than the knowledge of an implementation.",4.1 Fundamentals of programming
53,Class diagram,"A class diagram shows the relationship between classes in a program. Class diagrams involve single inheritance, composition (black diamond line), aggregation (white diamond line), public (+), private (-) and protected (#) specifiers.",4.1 Fundamentals of programming
54,Data structure,A data structure allows for a collection of data to be organised and processed.,4.2 Fundamentals of data structures
55,Single- and multi-dimensional arrays (lists),An array is a data structure that holds a number of elements of the same data type. A singledimensional array is like a single row of values. A two-dimensional array is like a table of values.,4.2 Fundamentals of data structures
56,Binary file,"A binary file is a file whose binary content must be interpreted by a program or processor that can identify how the data is formatted. Generally, any non-text file, such as an executable, image or movie.",4.2 Fundamentals of data structures
57,Text file,"A text file is a file whose content is characters encoded from a character set, with a new line character being used to separate lines.",4.2 Fundamentals of data structures
58,Abstract data type,A model of a data type that is defined in terms of its behaviour and operations without specifying how these are implemented.,4.2 Fundamentals of data structures
59,Queue,"A data structure that follows the first in, first out (FIFO) principle. Enqueue : the concept of adding an element to the rear of a queue. Dequeue: the concept of removing an element from the front of a queue.",4.2 Fundamentals of data structures
60,Linear queue,"A linear data structure where elements are added to the rear of the queue and are removed from the queue at the front, following the FIFO principle. A queue is usually represented in an array in which there are pointers (or indices) to the element at the front of the queue and the element at the rear of the queue. The rear pointer is incremented with each addition, and the front pointer is incremented with each removal. Alternatively, it may be implemented with a linked list which uses nodes and pointers to store elements and manage the connections between them.",4.2 Fundamentals of data structures
61,Circular queue,"A similar data structure to a linear queue implemented with an array. When the array element with the largest possible index has been used, the next element to join the queue reuses any vacated locations at the beginning of the array.",4.2 Fundamentals of data structures
62,Priority queue,"Each element of a priority queue has an associated priority. Elements are dequeued in order of priority and, where two elements have the same priority, elements that were added first are removed first.",4.2 Fundamentals of data structures
63,Stack,"A stack is a data structure that follows the last in, first out (LIFO) principle. Push :the concept of adding an element to the top of a stack. Pop: the concept of removing an element from the top of a stack. Peek: the concept of looking at the element at the top of a stack. A stack is usually represented in an array in which there is a pointer (index) to the element at the top of the stack. The pointer is incremented with each addition and decremented with each removal.",4.2 Fundamentals of data structures
64,Graph,A diagram consisting of vertices joined by edges.,4.2 Fundamentals of data structures
65,Weighted graph,When values are associated with the edges on a graph it is known as a weighted graph. Directed graph A diagram consisting of vertices joined by directed edges.,4.2 Fundamentals of data structures
66,Connected graph,If there is always a path between any two nodes in a graph it is said to be connected.,4.2 Fundamentals of data structures
67,Adjacency matrix,"An adjacency matrix is a 2D array that records the relationship between nodes in a graph. For a graph with n nodes, we create an n by n adjacency matrix.",4.2 Fundamentals of data structures
68,Adjacency list,An adjacency list is a list of all nodes and for each node we record neighbouring nodes.,4.2 Fundamentals of data structures
69,Tree,"A tree is a connected, undirected graph with no cycles.",4.2 Fundamentals of data structures
70,Rooted tree,"A rooted tree is a tree in which one vertex has been designated as the root. A rooted tree has parent-child relationships between nodes. The root is the only node with no parent, and all other nodes are descendants of the root.",4.2 Fundamentals of data structures
71,Binary tree,A binary tree is a rooted tree in which each node has at most two children. A common application of a binary tree is as a binary search tree.,4.2 Fundamentals of data structures
72,Hash table,A hash table is a data structure that creates a mapping between keys and values.,4.2 Fundamentals of data structures
73,Collision,A collision occurs when two key values compute the same hash.,4.2 Fundamentals of data structures
74,Dictionary,A collection of key-value pairs in which the value is accessed via the associated key.,4.2 Fundamentals of data structures
75,Vector,A quantity having direction as well as magnitude.,4.2 Fundamentals of data structures
76,Vector addition,The adding of two vectors together generates a new vector which is made by adding the values of each corresponding component from the vectors. Vector addition achieves translation.,4.2 Fundamentals of data structures
77,Scalar vector multiplication,The multiplication of a scalar and a vector generates a new vector which is made by multiplying the scalar value against each of the components of the vector. Vector multiplication achieves scaling.,4.2 Fundamentals of data structures
78,Dot product of two vectors,"The dot product of two vectors, u and v, u = [ u 1 , �., u n ] and v = [ v 1 , �.., v n ] is u v = u 1 v 1 + u 2 v 2 + �� + u n v n Application: finding the angle between two vectors using the formula u.v = |u||v|cos(?)",4.2 Fundamentals of data structures
79,Static data structure,The size of a static data structure is fixed and the memory required to store the data structure is determined before runtime.,4.2 Fundamentals of data structures
80,Dynamic data structure,The size and memory taken up by a dynamic data structure can vary while a program is running.,4.2 Fundamentals of data structures
81,Heap,Heap memory is a region of memory used for dynamic allocation. As programs request memory they can be allocated memory from the heap. An example of this might be a request to add elements to a dynamic data structure.,4.2 Fundamentals of data structures
82,Graph traversal,A graph traversal is the process of visiting each node in a graph.,4.3 Fundamentals of algorithms
83,Breadth first search,Breadth first search is a graph traversal algorithm which makes use of a queue. A breadth first search visits all nodes on the same level before moving on to the next level. Application: shortest path for an unweighted graph.,4.3 Fundamentals of algorithms
84,Depth first search,Depth first search is a graph traversal algorithm which makes use of a stack. A depth first search proceeds down through a node branch as far as possible before backtracking. Application: navigating a maze.,4.3 Fundamentals of algorithms
85,Tree traversal,A tree traversal is the process of visiting each node in a tree. There are three tree traversals that need to be known: pre-order in-order post-order.,4.3 Fundamentals of algorithms
86,Application of tree traversals,"Pre-order: Copying a tree In-order: Outputting the contents of a binary search tree in ascending order Post-order: Infix to RPN conversions, producing a postfix expression from an expression tree, emptying a tree",4.3 Fundamentals of algorithms
87,Infix notation,Infix notation is the standard way of writing mathematical expressions where the operators are placed between their operands. Example: 2 + 3 * 4,4.3 Fundamentals of algorithms
88,Prefix notation,"Prefix notation, also known as Polish notation, is a way of writing mathematical expressions where the operators precede their operands. Example: + 2 * 3 4",4.3 Fundamentals of algorithms
89,RPN � Reverse Polish Notation,RPN is a form of mathematical notation where operators follow operands and is also known as postfix form. There is no need for brackets when using RPN and there is also no needed for the concept of operator precedence. Example: 2 3 4 * +,4.3 Fundamentals of algorithms
90,Linear search � O(n),An algorithm that sequentially checks each element in an array or list until a match is found or the end is reached.,4.3 Fundamentals of algorithms
91,Binary search � O(log n),"An algorithm that compares a search item to the middle item of an array or list. If they do not match, half of the array or list can be eliminated and the search continues in the other half. The array or list needs to be sorted so that a binary search can be performed.",4.3 Fundamentals of algorithms
92,Binary tree search � O(log n),"A binary tree that is ordered allows for the use of a binary tree search algorithm. This is similar in principle to a binary search and we compare our search item to the root node. If they do not match, we can eliminate one half of the tree and the search can continue in the other half. If the tree is balanced, it has a complexity of O(log n).",4.3 Fundamentals of algorithms
93,Bubble sort � O(n2),A bubble sort works by making passes through the array or list. While making a pass we compare neighbours and swap them if they are out of order. After a series of passes the array or list will be sorted.,4.3 Fundamentals of algorithms
94,Merge sort � O(nlog n),The merge sort is a divide-and-conquer algorithm. The original array or list is broken down into smaller and smaller parts until we have individual elements. The merge sort continues by building back sorted groups until we end with the full sorted result. Dijkstra�s shortest path Dijkstra�s shortest path algorithm works as a means of finding the shortest path for a whole set of nodes. It finds the shortest path from a start node to all other nodes in a graph.,4.3 Fundamentals of algorithms
95,Algorithm,A sequence of steps that can be followed to complete a task and that always terminates.,4.4 Theory of computation
96,Abstraction,The process of removing unnecessary details from a problem. Representational abstraction Removing unnecessary details.,4.4 Theory of computation
97,Abstraction by generalisation,Grouping by common characteristics to arrive at a hierarchical relationship of the �is a kind of� type.,4.4 Theory of computation
98,Information hiding,Information hiding is the principle of hiding an actual implementation of a module and allowing access through a known interface. Or hiding all the details of an object that do not contribute to its essential characteristics.,4.4 Theory of computation
99,Procedural abstraction,The result of abstracting away the actual values used in any particular computation is a computational pattern or computational method - a procedure.,4.4 Theory of computation
100,Functional abstraction,"A further level of abstraction, which disregards the particular computation method, which is hidden. We know what a function should do but we have abstracted (hidden) the implementation.",4.4 Theory of computation
101,Data abstraction,"Data abstraction is a methodology that enables us to isolate how a compound data object is used from the details of how it is constructed. For example, a stack could be implemented as an array and a pointer for top of stack.",4.4 Theory of computation
102,Problem abstraction,"Details are removed until the problem is represented in a way that is possible to solve, because the problem reduces to one that has already been solved.",4.4 Theory of computation
103,Decomposition,"Procedural decomposition means breaking a problem into a number of sub-problems, so that each sub-problem accomplishes an identifiable task, which might itself be further subdivided.",4.4 Theory of computation
104,Composition,"A composition abstraction is built by combining procedures to form compound procedures or combining data objects to form compound data (for example, a tree data structure).",4.4 Theory of computation
105,Automation,Automation requires putting models (abstraction of real world objects/phenomena) into action to solve problems. This is achieved by: creating algorithms implementing the algorithms in program code (instructions) implementing the models in data structures executing the code.,4.4 Theory of computation
106,Regular language,A language that can be defined by the use of a regular expression. A regular language is any language that a finite state machine (FSM) will accept. Regular expressions and FSMs are equivalent ways of defining a regular language.,4.4 Theory of computation
107,Finite state machine (FSM),"An FSM is a model of computation for a machine that is always in one of a fixed number of states. The state of the machine can be changed according to transition rules, based upon the input that it receives and its current state. Some FSMs produce output as they carry out transitions, while others simply produce a yes/no response at the end of processing their input.",4.4 Theory of computation
108,Set,A set is an unordered collection of unique elements.,4.4 Theory of computation
109,Finite set,"A finite set is one whose elements can be counted off by natural numbers up to a particular number, for example as: 1st element, 2nd element, �, 20th (and final) element.",4.4 Theory of computation
110,Infinite set,"A set which is not finite. The set of natural numbers, ? and the set of real numbers, ? are examples of infinite sets.",4.4 Theory of computation
111,Countably infinite set,A countably infinite set is one that can be counted off by the natural numbers.,4.4 Theory of computation
112,Cardinality of a finite set,The cardinality of a finite set is the number of elements in a set.,4.4 Theory of computation
113,Cartesian product of two sets,"The Cartesian product of two sets, X and Y, written X x Y and read 'X cross Y', is the set of all ordered pairs (a, b) where a is a member of A and b is a member of B.",4.4 Theory of computation
114,Subset,If every element of a set A belongs to a set B then A is a subset of B. The empty set is a subset of all sets.,4.4 Theory of computation
115,Proper subset,"If every element of a set A belongs to a set B, but there is at least one element of B that is not in A, then A is a proper subset of B.",4.4 Theory of computation
116,Countable set,A countable set is a set with the same cardinality (number of elements) as some subset of natural numbers.,4.4 Theory of computation
117,Set membership,"With a set A = { 1, 2, 3 } we can say that 1? A (1 is a member of A) and that 4 ? A (4 is not a member of A).",4.4 Theory of computation
118,Set union,The union of two sets is all of the elements that belong to the two sets.,4.4 Theory of computation
119,Set intersection,The intersection of two sets is all of the elements that belong to both of the two sets.,4.4 Theory of computation
120,Set difference,The difference of two sets is those elements that belong in the first set but not in the second.,4.4 Theory of computation
121,Regular expression,Is a way of describing a set (allowed strings). Regular expressions allow particular types of languages to be described in a convenient shorthand notation.,4.4 Theory of computation
122,Regular language,A language is regular if it can be represented by a regular expression.,4.4 Theory of computation
123,Context-free language,A context-free language can be described by a context-free grammar or a set of rules for deriving strings in a language. Backus-Naur Form and syntax diagrams are two ways of defining the grammar for a context-free language.,4.4 Theory of computation
124,Backus-Naur Form (BNF),Backus-Naur Form can be used to define a context-free grammar which can be used to define the syntax rules of a programming language. BNF allows us to write production rules that use terminal and non-terminal symbols. Recursion is used in BNF production rules to allow the definition of �one of more� of a symbol.,4.4 Theory of computation
125,Syntax diagram,A syntax diagram is another method that can be used to define a context-free grammar.,4.4 Theory of computation
126,Big-O notation,Algorithmic complexity is a means of comparing the efficiency of an algorithm. Complexity can be measured in terms of the time taken to complete the algorithm (time complexity) or in terms of the memory space needed (space complexity). Complexity is usually found to vary in terms of the size of the input and can be expressed using Big-O notation. Big-O notation allows for the comparison of algorithms.,4.4 Theory of computation
127,Mathematical definition of a function,"A mapping from one set of values, the domain, to another set of values, drawn from the co-domain, for example ? ? ?.",4.4 Theory of computation
128,Permutation,The number of ways a particular set can be arranged.,4.4 Theory of computation
129,Tractable,Problems that are computable and have a polynomial (or less) time solution are called tractable problems.,4.4 Theory of computation
130,Intractable,Problems that are computable but have no polynomial (or less) time solution are called intractable problems.,4.4 Theory of computation
131,Heuristic,An approach that uses experience to make informed guesses that assist in finding a polynomial time �solution� to an intractable problem. The solution may be non-optimal.,4.4 Theory of computation
132,Computable,The ability to solve a problem with the use of an algorithm.,4.4 Theory of computation
133,Non-computable,A problem for which there is no algorithm that can be used to solve it.,4.4 Theory of computation
134,Halting problem,"The unsolvable problem of writing a computer program that can tell whether a given program and its inputs will halt, without running the given program. The Halting problem demonstrates that there are some problems that cannot be solved by a computer.",4.4 Theory of computation
135,State transition table,A state transition table shows which state a finite state machine will move to based on the current state and inputs.,4.4 Theory of computation
136,State transition diagram,"A state transition diagram can graphically represent a finite state machine. States are represented by nodes. Edges represent transitions between states and are normally directed and labelled with the input, and sometimes output, symbols. Any accepting state(s) are drawn as double circles.",4.4 Theory of computation
137,Transition rule,"A Turing machine�s transition rule defines the behaviour when reading a specific symbol from the tape in a current state. The rule defines what to write to the tape, how to move the tape and the next state.",4.4 Theory of computation
138,Transition function,"A transition function is a mapping from a current state and input to the next state and any output. ?(SCurrent , input) = (SNext , output) Turing machine A Turing machine can be viewed as a computer with a single fixed program, expressed using: a finite set of states in a state transition diagram a finite alphabet of symbols an infinite tape with marked-off squares a sensing read-write head that can travel along the tape, one square at a time. One of the states is called a start state and states that have no outgoing transitions are called halting states.",4.4 Theory of computation
139,Universal Turing machine,A universal Turing machine can simulate any other Turing machine.,4.4 Theory of computation
140,Natural numbers,"? = {0, 1, 2, 3, � } Application: counting",4.5 Fundamentals of data representation
141,Integer numbers,"? = { �, -3, -2, -1, 0, 1, 2, 3, � }",4.5 Fundamentals of data representation
142,Rational numbers,"? is the set of numbers that can be written as fractions (ratios of integers). Since a number such as 7 can be written as 7/1, all integers are rational numbers.",4.5 Fundamentals of data representation
143,Irrational numbers,"An irrational number is one that cannot be written as a fraction, for example ?2.",4.5 Fundamentals of data representation
144,Real numbers,? is the set of all 'possible real world quantities'. It includes all rational and irrational numbers. Application: measurement,4.5 Fundamentals of data representation
145,Ordinal numbers,"When objects are placed in order, ordinal numbers are used to tell their position. For example, if we have a list S = [�a�, �b�, �c�, �d�], then �a� is the 1st object, �b� the 2nd, and so on. Ordinal numbers are used to describe the position of an object in a sequence.",4.5 Fundamentals of data representation
146,Binary � base 2,"The binary number system (base 2) uses 2 different numerals 0,1",4.5 Fundamentals of data representation
147,Decimal � base 10,"The decimal number system (base 10) uses 10 different numerals 0,1,2,3,4,5,6,7,8,9",4.5 Fundamentals of data representation
148,Hexadecimal � base 16,"Hexadecimal is a number base that uses the numerals 0,1,2,3,4,5,6,7,8,9,A,B,C,D,E,F. It has a close link to binary as 4 bits can be represented by 1 hexadecimal digit. Hexadecimal is a more compact form than binary and therefore can take up less space on a display and less time to enter. Note: hexadecimal does not take up less memory space (as a computer only stores binary).",4.5 Fundamentals of data representation
149,Bit,The fundamental unit of information (a 1 or a 0).,4.5 Fundamentals of data representation
150,Byte,A group of 8 bits.,4.5 Fundamentals of data representation
151,Unsigned binary,Unsigned binary numbers only represent non-negative values (zero and positive integers).,4.5 Fundamentals of data representation
152,Signed binary,"Signed binary can represent both negative and positive numbers. Two�s complement A number system that allows the representation of signed (positive, negative and zero) values in binary. To find the two�s complement of a number you can invert the bits and add 1 (at the Least Significant Bit).",4.5 Fundamentals of data representation
153,Fixed point binary,"A method to allow representation of fractional numbers by having a fixed number of bits before and after the binary point. In a given number of bits, a fixed point system can represent some numbers more precisely than a floating point system.",4.5 Fundamentals of data representation
154,Floating point binary,"A method to allow representation of fractional numbers by having a mantissa and an exponent. The number represented is of the form mantissa x 2^exponent In a given number of bits, a floating point system can represent numbers with a greater range than a fixed point system.",4.5 Fundamentals of data representation
155,Rounding errors,A rounding error occurs when a number cannot be stored exactly in binary due to insufficient bits. A number can either be rounded or truncated.,4.5 Fundamentals of data representation
156,Absolute error,The difference between the actual number to be represented and the nearest representable number available. Note: always a positive value (absolute).,4.5 Fundamentals of data representation
157,Relative error,"The absolute error divided by the actual number we wish to represent. Range and precision In terms of a floating point number: the range is controlled by the exponent - the more bits associated to the exponent, the larger the range of values that can be represented the precision is controlled by the mantissa - more bits associated to the mantissa leads to a higher degree of precision for the numbers represented.",4.5 Fundamentals of data representation
158,Normalisation of floating point,A floating point number is normalised if the mantissa starts 01 or 10. A normalised floating point system: has one unique representation for each number leads to the highest precision for that particular system in the given number of bits.,4.5 Fundamentals of data representation
159,Underflow,The result of a calculation is too small to be represented using the available number of bits so it is represented as zero.,4.5 Fundamentals of data representation
160,Overflow,The result of a calculation is too large to be represented using the available number of bits.,4.5 Fundamentals of data representation
161,Character set,"A collection of characters (letters, numbers, symbols, etc.) that a computer system can process and use to represent text, with each character assigned a unique numerical code.",4.5 Fundamentals of data representation
162,ASCII � American Standard Code for Information Interchange,The ASCII character set uses 7 bits to represent each character. This allows for a maximum of 128 different characters to be represented.,4.5 Fundamentals of data representation
163,Unicode,Introduced to support a wider range of characters due to increased communication across countries. The Unicode system uses between 8 and 32 bits to represent characters.,4.5 Fundamentals of data representation
164,Parity bits,A parity bit is introduced in data transmission to allow for the detection of errors in the transmission. The sender will take a segment of data and add a parity bit to ensure the number of 1s present is either odd (for odd parity) or even (for even parity). The receiver will take the received data and again check the number of 1s present.,4.5 Fundamentals of data representation
165,Majority voting,Majority voting can correct as well as identify errors. An example is sending three copies of each bit by the sender. The receiver will take the majority value from each triplet.,4.5 Fundamentals of data representation
166,Checksum,A checksum is a value calculated using an algorithm from the data in the input sequence. The receiver can make comparisons to detect errors in the data.,4.5 Fundamentals of data representation
167,Check digit,A check digit is a single digit calculated using an algorithm from the other digits in the input sequence to help detect errors.,4.5 Fundamentals of data representation
168,Analogue,Continuous data - can take any value in a given range. Between any two analogue values there is another value.,4.5 Fundamentals of data representation
169,Digital,Digital data has discrete values. There are gaps (jumps) between digital data values.,4.5 Fundamentals of data representation
170,Analogue to digital convertor (ADC),An ADC takes samples of the analogue signal at regular intervals. The amplitude of each sample is approximated to an integer value. Each sample is encoded as a binary value.,4.5 Fundamentals of data representation
171,Digital to analogue convertor (DAC),Takes digital data and converts it back to an analogue signal suitable for sending down a cable for headphones/speakers to use.,4.5 Fundamentals of data representation
172,Bitmap,A bitmap is where images are broken down into a rectangular grid of pixels. The colour of each pixel in the grid is represented by a number.,4.5 Fundamentals of data representation
173,Pixel,The term pixel stands for picture element. A pixel is a single point of colour in an image.,4.5 Fundamentals of data representation
174,Resolution,The resolution of an image refers to the clarity of an image. Image resolution can be expressed as the number of pixels an image contains per inch (ppi - pixels per inch).,4.5 Fundamentals of data representation
175,Size in pixels,Image resolution can also refer to the size of an image in pixels.,4.5 Fundamentals of data representation
176,Colour depth,The number of bits allocated to a pixel is known as the colour depth. A colour depth of 2 (2 bits per pixel) allows for four unique colours to be represented.,4.5 Fundamentals of data representation
177,Metadata,"Metadata stands for �data about data�. In terms of an image file, alongside the pixel colour code data there will be additional data such as: image dimensions date and time of creation geographical location of image camera settings file format colour format. Vector graphics Image is composed of objects. Properties for each of the objects are stored. A property of an object could be: fill colour line colour co-ordinates or certain points/centre width/height/diameter.",4.5 Fundamentals of data representation
178,Sampling rate,A measure of the number of samples taken per second from an analogue signal to create a digital signal. This is measured in hertz (Hz).,4.5 Fundamentals of data representation
179,Sample resolution,A measure of how many bits are used to represent each sample.,4.5 Fundamentals of data representation
180,Nyquist theorem,"To create an accurate representation, the sample rate must be at least twice the frequency of the highest frequency component of the original sound.",4.5 Fundamentals of data representation
181,MIDI � Musical Instrument Digital Interface,Music represented as a sequence of MIDI event messages. Examples of data that might be contained in a message include: channel (left/right) note on/note off pitch/frequency/note number (C3) volume/loudness velocity aftertouch timbre instrument pitch bend. MIDI is a more compact representation and is easy to modify individual notes/instruments. A musical score can be produced directly from a MIDI file. MIDI files can be used to directly control digital musical instruments. MIDI records the musician�s inputs rather than the sound produced.,4.5 Fundamentals of data representation
182,Data compression,Compression is a technique to make the size of files smaller.,4.5 Fundamentals of data representation
183,Lossy,"A compression system where data is actually lost. From the compressed data, we cannot recreate the original data (only an approximation of it).",4.5 Fundamentals of data representation
184,Lossless,A compression system where the original file can be exactly reproduced from the compressed data. Run-length encoding (RLE) Run-length encoding is a lossless method of data compression. Sequences of identical data values are replaced with a single data value and the count of its repetitions.,4.5 Fundamentals of data representation
185,Dictionary-based compression,Variable length strings of original data are represented by single tokens. A table (dictionary) is formed using the tokens as the keys and the strings as entries.,4.5 Fundamentals of data representation
186,Encryption,Using an algorithm to convert a message into a form that is not understandable without the key to decrypt it.,4.5 Fundamentals of data representation
187,Plaintext,Message data before it has been encrypted.,4.5 Fundamentals of data representation
188,Ciphertext,Message data after it has been encrypted.,4.5 Fundamentals of data representation
189,Caesar cipher,"A cipher in which characters are moved along the alphabet, with the key indicating the number of positions a character should be moved. Frequency analysis of the ciphertext can reveal details about the plaintext.",4.5 Fundamentals of data representation
190,Vernam cipher,"Makes use of a one-time pad (key). We XOR the plaintext against the key to generate the ciphertext. If we XOR the ciphertext against the key, we return to the plaintext. Vernam cipher can offer perfect security. Perfect security Is when an attacker can�t learn anything about a message by looking at the ciphertext. The key must be at least as long as the data to be encrypted. The key must not be reused. The key must be truly random. The key must be kept securely.",4.5 Fundamentals of data representation
191,Computationally secure,"In theory, every cryptographic algorithm except for Vernam cipher can be broken, given enough ciphertext and time. Computational security relates to the ability of an encryption algorithm to not be broken in �reasonable time�. A reasonable time depends upon the data being secured and this would take so long to break, that the data would no longer be useful.",4.5 Fundamentals of data representation
192,Hardware,The physical/electronic components of the computer system.,4.6 Fundamentals of computer systems
193,Software,Program/code/instructions executed by the hardware.,4.6 Fundamentals of computer systems
194,System software,System software is software that manages the computer system resources and acts as a platform to run application software.,4.6 Fundamentals of computer systems
195,Application software,"Application software is software that performs end-user tasks. Tasks that the user may wish to complete even without a computer (for example, write a letter).",4.6 Fundamentals of computer systems
196,Operating system,"The role of an operating system is to hide the complexities of the hardware from the user. The operating system handles: resource management managing hardware to allocate processors, memories and input/output (I/O) devices.",4.6 Fundamentals of computer systems
197,Utility software,Utility software is software that performs a specific function that can help maintain a system. Examples include: backup software encryption software compression software.,4.6 Fundamentals of computer systems
198,Libraries,Libraries provide routines that can be included in a program.,4.6 Fundamentals of computer systems
199,Low-level language,A low-level language is one that is closer to the hardware and the computer's instruction set. Machine code and assembly language are examples of low-level languages.,4.6 Fundamentals of computer systems
200,Machine code,Machine code is another name for the actual binary instructions that can be executed by a processor and is specific to a processor or family of processors.,4.6 Fundamentals of computer systems
201,Assembly language,Assembly language uses mnemonics that represent machine code instructions. Assembly language needs translating (assembling) before it can be run.,4.6 Fundamentals of computer systems
202,High-level language (HLL),A type of language that is more abstracted from the hardware of the computer and in which instructions are more powerful than in a low-level language. HLLs use English-like keywords. HLLs support structured statements - such as iteration/selection. HLLs support the use of local variables and parameters. HLLs provide data structures and libraries of useful code.,4.6 Fundamentals of computer systems
203,Imperative high-level language,A language where instructions are executed in a programmer defined sequence. Programs describe how to solve a particular problem/task.,4.6 Fundamentals of computer systems
204,Program translator,"A processor can only execute machine code instructions. So anything else (assembly language, HLL code) needs to be translated first into machine code before it can be run. Assemblers, interpreters and compilers are examples of translators.",4.6 Fundamentals of computer systems
205,Assembler,An assembler translates assembly language into machine code.,4.6 Fundamentals of computer systems
206,Compiler,"A compiler produces object code from the source code. A compiler translates the whole source code at once. A compiler will not produce an executable file (will not compile) if an error is encountered. Compiled code can only be executed on a machine with the same instruction set. Once compiled, the object code (executable) can be executed without the need of having the compiler or the source code.",4.6 Fundamentals of computer systems
207,Interpreter,An interpreter analyses the source code line by line. An interpreter will run the source code up to the first error. Interpreted code will execute slower than executing the code produced by a compiler. An interpreter always needs a copy of the source code at runtime. Interpreted code is more portable.,4.6 Fundamentals of computer systems
208,Intermediate language (bytecode),"Intermediate language is a type of code between high-level code and machine code. An intermediate language is useful when the target platform may not be known or when the code may need to be run on multiple platforms. The source code is converted to the intermediate language (often known as bytecode) by a compiler. On the intended device, a virtual machine (environment) will perform translation from this bytecode to the machine code of the intended device and execute it.",4.6 Fundamentals of computer systems
209,Source code,Source code is the program written in a language such as a high-level language.,4.6 Fundamentals of computer systems
210,Object code,"When the source code is translated into machine executable code (or intermediate code), this is known as object code.",4.6 Fundamentals of computer systems
211,Half-adder,A half-adder circuit adds together two single-bit values. The result has a carry and a sum.,4.6 Fundamentals of computer systems
212,Full-adder,A full-adder circuit adds together two single-bit values alongside a carry-in. The result has a carry-out and a sum.,4.6 Fundamentals of computer systems
213,D-type flip-flop,Used to store the state of data input. It is used to delay the change of state of its output signal until the next rising edge of a clock timing input signal occurs. Used as a memory unit. Inputs - data signal and a clock signal,4.6 Fundamentals of computer systems
214,Processor,"The processor fetches, decodes and executes instructions, managing all of the other components of a computer. Also known as the central processing unit (CPU).",4.7 Fundamentals of computer organisation and architecture
215,Main memory,A store for data and instructions that can be addressed by the processor.,4.7 Fundamentals of computer organisation and architecture
216,Address bus,The address bus carries a memory address from the processor to another component. This bus is uni-directional.,4.7 Fundamentals of computer organisation and architecture
217,Data bus,The data bus carries data and instructions between the processor and another component. This bus is bi-directional.,4.7 Fundamentals of computer organisation and architecture
218,Control bus,The control bus carries control signals between the processor and other components. This bus is bi-directional. Examples of control signals: clock signal (timing signal) memory write memory read interrupt bus request bus grant.,4.7 Fundamentals of computer organisation and architecture
219,I/O controller,Allows a processor to communicate with a peripheral via an I/O port. Allows a peripheral to appear as a set of registers. Translates signals from a peripheral into a form that can be processed by the computer. Performs I/O related processing to reduce the workload of the processor. Generates an interrupt when an I/O device needs the attention of the processor. Buffers data from a peripheral.,4.7 Fundamentals of computer organisation and architecture
220,Von Neumann architecture,A computer architecture where there is one memory store for instructions and data.,4.7 Fundamentals of computer organisation and architecture
221,Harvard architecture,A computer architecture where there are two separate memory stores - one used for data and one used for instructions. Instructions and data can be accessed simultaneously. Different technologies can be used to implement instruction and data memory. Avoids possibility of data being executed as code. Application: digital signal processing.,4.7 Fundamentals of computer organisation and architecture
222,Addressable memory,Each memory location has a unique address which identifies it. The maximum size of addressable memory is limited by the word size of the computer.,4.7 Fundamentals of computer organisation and architecture
223,Stored program concept,Machine code instructions stored in main memory are fetched and executed serially by a processor that performs arithmetic and logical operations. Programs can be moved in and out of main memory.,4.7 Fundamentals of computer organisation and architecture
224,Arithmetic logic unit,A part of the processor where arithmetic and logical operations are performed. Control unit A part of the processor which: decodes instructions coordinates/directs the execution of instructions sends control signals to other components.,4.7 Fundamentals of computer organisation and architecture
225,Clock,Synchronises operations of the computer by sending regular timing signals.,4.7 Fundamentals of computer organisation and architecture
226,Register,A memory location on a processor that can be accessed quickly. A register can hold data used when executing an instruction and the result of executing an instruction.,4.7 Fundamentals of computer organisation and architecture
227,General-purpose register,A register used for temporarily holding data. A programmer can choose what each generalpurpose register is used for.,4.7 Fundamentals of computer organisation and architecture
228,Dedicated register,A register that has a specific purpose within the processor.,4.7 Fundamentals of computer organisation and architecture
229,Program counter,A register that holds the address of the next instruction to be fetched.,4.7 Fundamentals of computer organisation and architecture
230,Memory address register,A register that holds the address of the instruction or data item to be fetched.,4.7 Fundamentals of computer organisation and architecture
231,Memory buffer register,A register that holds the instruction or data item fetched from memory.,4.7 Fundamentals of computer organisation and architecture
232,Current instruction register,A register that holds a copy of the current instruction to be decoded and executed.,4.7 Fundamentals of computer organisation and architecture
233,Status register,A series of �flags� used to indicate the state of the processor. Provides information about the result of the last instruction. When the result of a comparison is zero. When a carry has occurred. When overflow/underflow occurs. When division by zero occurs. When an interrupt occurs.,4.7 Fundamentals of computer organisation and architecture
234,Fetch-Execute cycle,"This describes the cycle that a processor follows to process instructions. It is split into fetch, decode and execute stages.",4.7 Fundamentals of computer organisation and architecture
235,Processor instruction set,A processor instruction set is the set of commands that a processor can execute. These are the machine code instructions that tell the processor what operation to perform.,4.7 Fundamentals of computer organisation and architecture
236,Opcode,An opcode is a value that specifies the operation to be performed.,4.7 Fundamentals of computer organisation and architecture
237,Operand,An operand is a value/data that will be used by an operation.,4.7 Fundamentals of computer organisation and architecture
238,Immediate addressing mode,"In immediate addressing, the operand is the value to be used.",4.7 Fundamentals of computer organisation and architecture
239,Direct addressing mode,"In direct addressing mode, the operand is a memory address/register of the value that is to be operated on.",4.7 Fundamentals of computer organisation and architecture
240,Interrupt,An interrupt is a request for the processor to interrupt a currently executing process so that a device/source can immediately get the attention of the processor. Interrupts can come from hardware devices or from software.,4.7 Fundamentals of computer organisation and architecture
241,Interrupt service routine,An interrupt service routine is a special block of code associated with a specific kind of interrupt. It is called to deal with an interrupt when it occurs.,4.7 Fundamentals of computer organisation and architecture
242,Cache,Cache is a small area of fast memory built into a modern processor. Cache holds frequently used instructions and data that the processor is likely to reuse.,4.7 Fundamentals of computer organisation and architecture
243,Laser printer,"The print drum is coated in static charge. The printer generates a bitmap of page from the data received (a page printer). A laser beam is shone at the print drum, via rotating mirrors. By modulating the laser beam, the static charge on the print drum is reversed where the image should be dark. The toner is given a static charge and the print drum picks up toner as it passes. The toner is then transferred from the drum onto the paper. Finally, the toner is fused onto the paper by heated rollers.",4.7 Fundamentals of computer organisation and architecture
244,Digital camera,"Light enters through the lens and is focussed onto an array of light sensors. Each sensor generates an electrical current and this represents a pixel. An analogue to digital convertor (ADC) converts measurement of light intensity into binary data. Colour filters are used to generate separate data for red, green and blue colour components. The pixels are recorded as a group/array.",4.7 Fundamentals of computer organisation and architecture
245,RFID � Radio Frequency Identification,"The RFID reader emits radio waves. The antenna in the RIFD tag allows the radio waves to induce sufficient power in the tag to enable the tag. Data is stored in the memory of the tag. Once enabled, the tag emits radio waves to transmit the data wirelessly to the RFID reader.",4.7 Fundamentals of computer organisation and architecture
246,Barcode reader,A barcode is made up of black and white lines of various thicknesses representing digit values. The reader shines a light at the barcode. The light is reflected (white areas) and detected by a sensor in the reader. The reflected light is turned into an electrical signal. The signal is turned into digits and sent to the computer. Barcodes often include a check digit to validate the accuracy of the input.,4.7 Fundamentals of computer organisation and architecture
247,Hard disk drive,"The disk is coated in a magnetisable material. The disk is divided into rings called tracks, and the tracks are split into sectors. The read/write head moves in and out to a specific track. The read/write head senses the magnetic field and converts it to 0s and 1s. The disk spins at a high speed.",4.7 Fundamentals of computer organisation and architecture
248,Solid-state drive (SSD),"Data is stored electronically in floating gate transistors. Data is organised into pages, with a whole page being read at a time. The controller part of the SSD manages the organisation of data on the flash memory chips. NAND flash memory is often used. ",4.7 Fundamentals of computer organisation and architecture
249,Optical drive. ,"To read, a low power laser beam is shone at the disk. Light is focused at a spot onto the disk and some light is reflected back. The amount of light reflected is measured by a light sensor. The disk spins at constant linear velocity. Data is stored as a spiral on the disk. Continuation of a land/pit reflects the light, whereas a transition between land and pit scatters light. Transition between a land and a pit indicates a 1 and a continuation of land/pit indicates 0.",4.7 Fundamentals of computer organisation and architecture
250,Serial transmission,Single bits are sent one after another along a single wire.,4.9 Fundamentals of communication and networking
251,Parallel transmission,Multiple bits are sent down several wires simultaneously.,4.9 Fundamentals of communication and networking
252,Synchronous,Receiver and transmitter are continuously synchronised to a common clock.,4.9 Fundamentals of communication and networking
253,Asynchronous,Receiver and transmitter are not synchronised by a common clock.,4.9 Fundamentals of communication and networking
254,Start bit,A low voltage signal (0) that marks the beginning of a data frame. It will start the receiver clock - �wake the receiver� and bring into phase the receiver clock with the transmitter clock.,4.9 Fundamentals of communication and networking
255,Stop bit,Used to signal the end of the frame. It allows the next start bit to be recognised and provides time for the receiver to process the received data.,4.9 Fundamentals of communication and networking
256,Baud rate,The number of signal changes which may occur in a given period of time (second).,4.9 Fundamentals of communication and networking
257,Bit rate,The number of bits that can be sent in one unit of time (second). Bit rate can be higher than baud rate if more than one bit is encoded in each signal change.,4.9 Fundamentals of communication and networking
258,Bandwidth,The range of frequencies that can be transmitted across a transmission medium.,4.9 Fundamentals of communication and networking
259,Latency,The delay between an action being instigated and its effect being noticed. The time delay between a signal being transmitted and being received.,4.9 Fundamentals of communication and networking
260,Protocol,A set of rules which govern communication.,4.9 Fundamentals of communication and networking
261,Physical topology,The physical arrangement of the connections between devices on the network.,4.9 Fundamentals of communication and networking
262,Logical topology,How the data/packets flow around a network.,4.9 Fundamentals of communication and networking
263,Physical star topology,Every device is directly connected to a central device (switch). Every device sends data via the central device (switch). The device (switch) sends packets of data to only the intended recipient.,4.9 Fundamentals of communication and networking
264,Logical bus topology,A device broadcasts data to the entire network. All devices on the network receive the data. A device examines the data to check if they are the intended recipient. Only one device can successfully transmit data at a time.,4.9 Fundamentals of communication and networking
265,Peer-to-peer networking,Resources stored on each individual computer/peer. Any computer/peer can access resources from any other. Each computer/peer has equal status. Computers/peers communicate directly with each other.,4.9 Fundamentals of communication and networking
266,Client-server networking,Resources are stored on the server. A client will send a REQUEST to the server. The server will perform some PROCESSING. The server will send a RESPONSE to the client.,4.9 Fundamentals of communication and networking
267,Thin-client versus thick-client,"In a thin-client network, processing is carried out on an application server. In a thick-client network, a significant amount of the processing is carried out on the client.",4.9 Fundamentals of communication and networking
268,WiFi,A wireless networking technology that allows devices to interface with the Internet and communicate with one another within a particular area. It is based on the IEEE 802.11 standards that define the protocols required to enable communication between WiFi-enabled devices.,4.9 Fundamentals of communication and networking
269,Wireless network adapter,The hardware equipment that allows a device to connect to a wireless access point.,4.9 Fundamentals of communication and networking
270,Wireless access point,A wireless access point allows wireless devices to connect to the wireless network.,4.9 Fundamentals of communication and networking
271,WiFi security,"WiFi security involves measures to protect wireless networks and devices from unauthorised access, data interception and other threats. It uses encryption and authentication to secure data transmission. Common WiFi security protocols include Wired Equivalent Privacy (WEP), WiFi Protected Access (WPA, WPA2 and WPA3).",4.9 Fundamentals of communication and networking
272,Carrier Sense Multiple Access with Collision Avoidance (CSMA/CA) with Request to Send/Clear to Send (RTS/CTS),"The transmitting device checks for traffic (senses the carrier). If a signal is present, then transmitter waits a random time period before checking for traffic again. If no signal is present, the transmitter will send a request to send (RTS) signal. The wireless access point (WAP) responds with a clear to send (CTS) signal if it has not already received an RTS signal from a different device. If a CTS is not received, the transmitter waits a random period of time before restarting transmission process. When a CTS signal is received, the transmitter begins transmitting data. The receiver sends an acknowledgement (ACK) sign. If no ACK signal is received, then data is re-sent.",4.9 Fundamentals of communication and networking
273,Service Set Identifier (SSID),"A locally unique name that identifies a WiFi network. By disabling broadcasting of the SSID, it will not be visible and so will require users to know the SSID before connecting and this can increase security.",4.9 Fundamentals of communication and networking
274,Internet,The Internet is an international network of networks.,4.9 Fundamentals of communication and networking
275,Packet switching,When a file (data) is sent across the Internet it is broken down into packets. Packets are moved around the Internet using a method known as packet switching. Different packets from the same file may take different routes to reach the same destination. The destination will reassemble the file (data).,4.9 Fundamentals of communication and networking
276,Router,"A device that receives packets from one host (computer) or router and uses the destination IP address that they contain to pass them, correctly formatted, to another host (computer) or router. The router uses the most efficient path to the destination. Packet A packet is a unit of data carried by a packet-switched network containing both control and user data. A packet will typically contain: destination address sender address payload (data) checksum port number(s) sequence number time to live (TTL) packet size/length padding, type of service (priority).",4.9 Fundamentals of communication and networking
277,Gateway,A device used to connect networks using different protocols so that information can be successfully passed from one system to another.,4.9 Fundamentals of communication and networking
278,Uniform resource locator (URL),A URL is the unique address of a resource on the Internet.,4.9 Fundamentals of communication and networking
279,Domain name,"A unique string that identifies services provided by the Internet, such as websites, email servers, etc. Organised in a hierarchical manner. Top-level domain, for example: .com .org .uk .fr",4.9 Fundamentals of communication and networking
280,Fully qualified domain name (FQDN),"A fully qualified domain name identifies a host as well as a network. For example, aqa.org.uk is a domain name and onlineservices.aqa.org.uk is a fully qualified domain name.",4.9 Fundamentals of communication and networking
281,IP address,"An IP address is given to a device when it connects to a network. There are two formats of IP address: IPv4 and IPv6. The IPv4 address consists of four bytes of information and is typically represented as a dotted quad, with each having a value in the range 0 to 255. An example is 10.10.100.4 The IPv6 address consists of 16 bytes of information and is typically represented as 8 sets of 4 hex digits separated by colons. An example is 2001:0DB8:4545:0003:0200:F8FF:FE21:67CF",4.9 Fundamentals of communication and networking
282,Domain name system (DNS),The purpose of the DNS is to look up a fully qualified domain name and to return the corresponding IP address. Internet registries Allow users/companies to register domain names. Ensures that domain names are unique. Once a domain is registered it can be mapped to an IP address and placed into the DNS system.,4.9 Fundamentals of communication and networking
283,Firewall,"A firewall is a software, or hardware device that inspects traffic and decides whether to allow it to pass. Rules are written which are checked against when traffic arrives. It can block traffic: on various ports with specific source IP addresses � with specific destination IP address with specific protocols. Firewalls can also perform stateful inspection where information about current connections (sessions) is held and packets relevant to this connection are allowed through. A firewall usually sits between a (Local Area Network) LAN or an individual computer and the Internet.",4.9 Fundamentals of communication and networking
284,Packet filtering,Packet filtering makes use of rules to match against the header of a packet to determine whether the packet should be accepted or denied. Packet filtering can check against: � IP addresses ports protocols MAC addresses.,4.9 Fundamentals of communication and networking
285,Proxy server,"A proxy server can keep a cache of transmitted data, typically webpages, and return these to a device rather than requesting them over the network. A proxy server can also provide anonymity to a client as it sits between client and the server being accessed. A proxy server can examine an entire file, which enables it to carry out additional checks that a firewall, which only examines data at a packet level, cannot complete.",4.9 Fundamentals of communication and networking
286,Stateful inspection,Stateful inspection requires a firewall to maintain details of all active connections. This allows for more dynamic filtering than just packet filtering as the firewall can analyse the connection for suspicious activity.,4.9 Fundamentals of communication and networking
287,Symmetric encryption,The same key is used to encrypt and decrypt data.,4.9 Fundamentals of communication and networking
288,Key exchange problem,How to pass the key from sender to receiver without it being intercepted.,4.9 Fundamentals of communication and networking
289,Asymmetric encryption,"Different, but related, keys are used for encryption and decryption of data.",4.9 Fundamentals of communication and networking
290,Digital signature,A digital signature is a way of authenticating the sender of a message. The original message is hashed to create a message digest. The message digest is then encrypted with the sender�s private key and this generates the digital signature. The receiver can check authenticity of the message by: hashing the message received to create a message digest decrypting the digital signature using the sender�s public key to get the original message digest comparing these two message digests and if they are the same the sender has been authenticated (and we also know the message has not been changed).,4.9 Fundamentals of communication and networking
291,Digital certificate,A digital certificate authenticates the identity of the sender of a message. It is issued by a certificate authority and digitally signed by them so that the certificate can be verified.,4.9 Fundamentals of communication and networking
292,Worm,A small program that exploits a network security weakness (security hole) to replicate itself through computer networks.,4.9 Fundamentals of communication and networking
293,Trojan,"A program that hides in or masquerades as desirable software, such as utility or a game, but attacks computers it infects.",4.9 Fundamentals of communication and networking
294,Virus,A small program attached to another program or data file. It replicates itself by attaching itself to other programs when it is executed.,4.9 Fundamentals of communication and networking
295,Transport Control Protocol/Internet Protocol (TCP/IP) model,"The TCP/IP model is a protocol stack used when connecting a device to the Internet. It is made up of four layers: Application, Transport, Network and Link.",4.9 Fundamentals of communication and networking
296,Application layer,"The application layer controls how data moves in and out of applications from the transport layer. Applications include email clients, web browsers and protocols such as HTTP, HTTPS and Internet Message Access Protocol (IMAP).",4.9 Fundamentals of communication and networking
297,Transport layer,"The transport layer breaks down messages into smaller chunks (packets). This layer sets up the communication between the two hosts and they agree settings such as the size of packets. It also establishes an end-to-end connection between sender and receiver. Each packet is given a sequence number so the receiver can put the message back together again. The transport layer allocates ports to applications and passes data to the relevant application using the port number. It also deals with transmission errors - including checksum, acknowledgement and retransmission. The transport layer uses protocols such as TCP and User Datagram Protocol (UDP).",4.9 Fundamentals of communication and networking
298,Network layer,The network layer adds the source and destination IP addresses to the packet. This layer is concerned with the routing of packets across the Internet. Adds �time to live� counter to the packet. Uses a subnet mask to identify if the destination is on the same subnet as the sender.,4.9 Fundamentals of communication and networking
299,Link layer,The link layer includes the network interface card and drivers necessary to send data out onto the network. Adds the hardware MAC address of the sender and destination (next hop).,4.9 Fundamentals of communication and networking
300,Socket address,A socket address is the combination of an IP address and a port.,4.9 Fundamentals of communication and networking
301,Port,"A port is associated with a specific process or service. This allows, for example, emails to go to an email client and web pages to go to a browser application with both being on the same device (IP address). Ports are identified by numbers (for example, port 80 is used for HTTP traffic to a web server).",4.9 Fundamentals of communication and networking
302,MAC address (Media Access Control address),A 48-bit (12-character hexadecimal) address. A MAC address is unique to every network interface card. Accept and Deny lists can be used on network hardware to increase security.,4.9 Fundamentals of communication and networking
303,Well-known port,Servers use well-known ports. These numbers are well known so that they do not need to be looked up by a client initiating a request.,4.9 Fundamentals of communication and networking
304,Client port,Client ports are allocated from a bank of available ports on the client device. Client ports are also known as ephemeral ports.,4.9 Fundamentals of communication and networking
305,FTP � File Transfer Protocol,FTP is an application layer protocol to allow the transfer of files between a client and a server.,4.9 Fundamentals of communication and networking
306,HTTP/HTTPS HyperText Transfer Protocol HyperText Transfer Protocol Secure,HTTP is an application layer protocol for communicating web pages. HTTPS is a secure version of HTTP which encrypts the data being transmitted. ,4.9 Fundamentals of communication and networking
307,POP3 ,POP3 is an application layer protocol that allows clients to retrieve emails from an email server. The client connects to the POP3 server and typically downloads all new emails and at the same time deletes them from the server,4.9 Fundamentals of communication and networking
308,SMTP,SMTP is an application layer protocol used for the sending of emails. ,4.9 Fundamentals of communication and networking
309,SSH ,SSH is an application layer protocol that allows a client to execute commands on a server. It provides a secure connection for remote management of a device.,4.9 Fundamentals of communication and networking
310,Subnet masks,A subnet mask is used so that a device can quickly determine whether data is to be transmitted to another device that is on the same network or on a different network.,4.9 Fundamentals of communication and networking
311,IP standards,IP v4: a 4byte address - an example IP v4 address might be written as 10.20.50.120 IP v6: a 16-byte address - an example IPv6 address might be written as 1050:db08:0000:0000:0005:0600:300c:326b,4.9 Fundamentals of communication and networking
312,Routable IP address,These IP addresses are publicly routable on the Internet. Often known as public IP addresses. A routable IP address must be globally unique. A school/college may have only one (external) public IP address but many (internal) private IP addresses.,4.9 Fundamentals of communication and networking
313,Non-routable IP address,These IP addresses are not publicly routable on the Internet. Often known as private IP addresses and used inside LANs. Non-routable IP addresses do not have to be globally unique but must be locally unique.,4.9 Fundamentals of communication and networking
314,DHCP � Dynamic host configuration protocol,"To automate the configuration of hosts when connecting to a network. To allocate IP address, gateway and subnet mask to hosts. D - Discover - the host sends a discovery request to the network (to discover a DHCP server). O - Offer - the DHCP server offers configuration to the host. R - Response - the host accepts the offer of configuration. A - Acknowledge - the DHCP server confirms acceptance.",4.9 Fundamentals of communication and networking
315,NAT � network address translation,"NAT allows many devices, with private IP addresses, inside a LAN to access the Internet via one public IP address.",4.9 Fundamentals of communication and networking
316,Port forwarding,When an external device (to the LAN) is trying to access a private IP address (a non-routable address) the gateway/router can be setup to perform port forwarding. The external request arrives at the public IP address of the gateway. A rule can be setup for all requests on a certain port (for example port 80) to be forwarded to an internal private IP address (for instance a web server).,4.9 Fundamentals of communication and networking
317,Client server model,"In the client server model, resources are provided by a server and requests are made by clients. A client will send a request to the server. The server will process this request and send a response to the client. Peer-to-peer model In the peer-to-peer model, resources are shared across the peers and each peer has a similar status.",4.9 Fundamentals of communication and networking
318,Web socket protocol,"This protocol establishes a full-duplex (data can be transmitted and received simultaneously in both directions) communication channel over a single TCP channel. REST API - Representational State Transfer Application Programming Interface In a RESTful application, URLs can be used to access resources from a server/application.",4.9 Fundamentals of communication and networking
319,CRUD,"CRUD stands for create, retrieve, update and delete. These basic operations allow for building applications that interact with databases. Relationship to SQL Create ? INSERT INTO Retrieve ? SELECT Update ? UPDATE Delete ? DELETE Relationship to REST API Create ? POST Retrieve ? GET Update ?PUT Delete ? DELETE",4.9 Fundamentals of communication and networking
320,JSON - JavaScript Object Notation,"JSON is a file format for storing and transmitting structured data. It is commonly used with web applications. The following example shows a possible JSON representation describing a student: { �student-id�: 123456, �first_name�: �Sasha�, �last_name�: �Nogales�, �date_of_birth�:�10/12/2012�, �address�: { �street�: �12 Lodge Crescent�, �city�: �Coventry�}, �form�: �8F� } ",4.9 Fundamentals of communication and networking
321,XML - eXtensible markup language,XML is a file format for storing and transmitting structured data. The following example shows a possible XML representation describing the same student as above: <student> <student_id>123456</student_id> <first_name>�Sasha�</first_name> <last_name>�Nogales�</last_name> </student> JSON can be seen as: a more compact representation than XML quicker to parse than XML easier to understand for humans than XML.,4.9 Fundamentals of communication and networking
322,Entity relationship diagram,A diagram to represent the kind of relationship between two entities (tables) in a database. The relationships to be modelled include: 1 to 1 1 to many � many to 1.,4.10 Fundamentals of databases
323,Relational database,A collection of tables which can be linked together by means of primary and foreign keys.,4.10 Fundamentals of databases
324,Attribute,A property or characteristic of an entity (databases).,4.10 Fundamentals of databases
325,Primary key,A field that is unique for every record in a table. Often known as an entity identifier in abstract database modelling.,4.10 Fundamentals of databases
326,Foreign key,A field in one table that is also a primary key in another table.,4.10 Fundamentals of databases
327,Composite primary key,A primary key made up of two or more fields.,4.10 Fundamentals of databases
328,Normalisation of a database,"Designing the structure of a database so that it has desirable properties, including minimising data redundancy and ensuring data integrity, to: improve data consistency eliminate insertion anomalies eliminate deletion anomalies be in third normal form (3NF): �every field depends upon the key, the whole key and nothing but the key�.",4.10 Fundamentals of databases
329,SQL � Structure Query Language,SQL is a programming language for storing and processing information in a relational database.,4.10 Fundamentals of databases
330,SQL retrieve,"A select query is used to retrieve data from a relational database. It uses the following command structure: SELECT field1, field2, � FROM table1, table2, � WHERE criteria ORDER BY field1 ASC|DESC",4.10 Fundamentals of databases
331,SQL update,"An update query is used to edit or update the contents of a record in a relational database. It uses the following command structure: UPDATE table SET field1=value1, field2=value2 �. WHERE criteria",4.10 Fundamentals of databases
332,SQL insert,"An insert query is used to insert data into a relational database. It uses the following command structure: INSERT INTO table (field1, field2, �) VALUES (value1, value2, �) The list of fieldnames can be omitted if the query adds all of the fields that are present in a table in the same order that they are defined.",4.10 Fundamentals of databases
333,SQL delete,A delete query is used to delete data from a relational database. It uses the following command structure: DELETE FROM table WHERE criteria,4.10 Fundamentals of databases
334,SQL define a table,"The create table statement is used to create a table in a database. It uses the following command structure: CREATE TABLE name ( fieldname1 datatype1, fieldname2 datatype2, �, PRIMARY KEY(fieldname) )",4.10 Fundamentals of databases
335,Client server database,"With a client server database, the database itself will be stored on the server. Clients will send a request to the server. The server will process this request. A response will be sent to the client. By following this model, there are various advantages including: only one copy of the data exists (on the server) the server can control access to the data (security) administration and maintenance of the database will be easier.",4.10 Fundamentals of databases
336,Concurrent access,Concurrent access is when a database allows multiple users to access the database at the same time.,4.10 Fundamentals of databases
337,Missing update problem,Two users read and edit a record at the same time. One user writes the data back to the database. Then the other user writes the data back to the database. The first user update is now lost (a �missing update�).,4.10 Fundamentals of databases
338,Record locks,"When a user starts to edit a record, an exclusive lock is set on the record so that other users cannot edit this record while the lock is in place.",4.10 Fundamentals of databases
339,Serialisation,"Serialisation is the concept that when we allow concurrent access to a database, any transactions completed concurrently should have the same effect as if they were completed serially (one after the other).",4.10 Fundamentals of databases
340,Timestamp ordering,"Timestamps are generated for each transaction. Database records timestamps of last read and last write of records. Rules are applied to determine if processing a transaction will result in loss of data integrity. For example, a transaction should be aborted if the last write timestamp of a record is greater than when this transaction started.",4.10 Fundamentals of databases
341,Commitment ordering,Commitment ordering looks to optimise the order in which transactions are completed. It will consider the order of the transactions alongside dependencies to ensure any conflicts are resolved.,4.10 Fundamentals of databases
342,Big Data,Big Data refers to data sets that are typically too large to be processed by traditional dataprocessing methods.,4.11 Big Data
343,Three Vs,Volume: there is a high volume of data to be processed (it might not fit on one server). Velocity: the data is generated/received/must be processed very quickly. Variety: data contains a variety of different forms of information.,4.11 Big Data
344,Distributed processing,Breaking down a large or complex task into smaller parts and distributing them across multiple connected devices to be processed simultaneously.,4.11 Big Data
345,Usage of functional programming for Big Data,"Functional programming has a variety of underlying features that make it suitable for working with Big Data, which is distributed across multiple devices, including: data structures are immutable, which means that the values stored cannot be changed after being created functions are stateless, which means that they do not have side effects higher-order functions can compose the results of processing on multiple processors the order of execution can be determined at runtime.",4.11 Big Data
346,Graph schema,"A graph schema shows the structures of data being stored using a fact-based model. It has nodes, edges and properties and the graph schema shows relationships between these. Node - a core entity, shown as an oval. Edge - a relationship between nodes, shown as a line. Property - a value for an entity, shown as a rectangular box.",4.11 Big Data
347,Function,A function maps a value from set X to one element of set Y. The set X is called the domain of the function and the set Y is called the co-domain of the function.,4.12 Fundamentals of functional programming
348,First-class object,"A first-class object can be passed as an argument, returned from a function, assigned to a variable or appear in expressions.",4.12 Fundamentals of functional programming
349,Function application,The evaluation of a function applied to an input value x to gain an output value y.,4.12 Fundamentals of functional programming
350,Partial function application,The function is applied to one of its arguments. The output of this function application is a new function (a partially applied function). This function is then applied to the next argument.,4.12 Fundamentals of functional programming
351,Composition of functions,Where the result of one function application is passed as an argument to the next. (g o f) x = g( f( x) ),4.12 Fundamentals of functional programming
352,Higher-order functions,"A function that takes a function as an argument, and/or a function that returns a function as a result. Map, filter and fold are examples of higher-order functions.",4.12 Fundamentals of functional programming
353,Map,"Allows a function to be evaluated across every element in a list. Map takes a function and a list as parameters. map fn list = [ fn(x1), fn(x2), �, fn(xn) ]",4.12 Fundamentals of functional programming
354,Filter,"Allows a function, with a Boolean result, to be evaluated across every element in a list, keeping those elements where the function evaluates True. filter fn list = [ x | fn(x) = True and x belongs to list ]",4.12 Fundamentals of functional programming
355,Fold/Reduce,"With the use of a combining function, this will work through a list combining elements to produce a final result. fold fn start_value list evaluates as fn( fn( fn(start_value x1) x2) x3) if the list was x1, x2, x3]",4.12 Fundamentals of functional programming
356,List processing,head - returns the element at the front of the list. tail - returns the tail (every element apart from the head) as a list. Version 1.1 November 2025 and its licensors. All rights reserved.,4.12 Fundamentals of functional programming
